--
-- Data radicado
--

INSERT INTO radicado VALUES ('20199980000011', '2019-04-01 11:55:59.524238-05', 17, 1, NULL, NULL, NULL, NULL, '2019-04-01', 0, '1234567890', NULL, NULL, NULL, 'COLOMBIA', 1, NULL, 99, 9, 11, NULL, NULL, NULL, NULL, 0, '', '0', '/2019/998/docs/1234567890_2019_04_01_11_55_56.docx', 1, '998', NULL, NULL, NULL, NULL, NULL, '', NULL, '998', NULL, 1, 1, 1, 1, 0, '', 0, NULL, NULL, NULL, NULL, 0, NULL, NULL, NULL, NULL, NULL, NULL, NULL, NULL, NULL, NULL, 0, NULL, NULL, NULL, NULL, NULL, NULL, 1, 0, NULL, NULL, NULL, NULL, NULL);
INSERT INTO radicado VALUES ('20199980000051', '2019-04-03 22:48:55.428624-05', 6, NULL, NULL, 0, NULL, NULL, '2019-04-03', NULL, NULL, NULL, NULL, NULL, '170', NULL, NULL, 1, NULL, NULL, NULL, NULL, NULL, NULL, NULL, '', '20199980000072', '/2019/998/docs/120199980000072_00001.docx', 1, '998', NULL, NULL, NULL, NULL, NULL, '', NULL, '998', '', 1, 5, 1, 0, 0, '', 0, NULL, NULL, NULL, NULL, 0, NULL, NULL, NULL, NULL, NULL, NULL, NULL, NULL, NULL, 0, 0, NULL, NULL, NULL, NULL, NULL, NULL, 1, 0, NULL, NULL, NULL, NULL, NULL);
INSERT INTO radicado VALUES ('20199980000012', '2019-04-01 11:29:11.105923-05', 28, 0, 4, 0, NULL, NULL, '2019-04-01', 0, NULL, NULL, NULL, NULL, '170', NULL, NULL, 0, NULL, NULL, NULL, NULL, NULL, NULL, NULL, '1 folio', '0', '2019/998/20199980000012.pdf', 1, '998', NULL, NULL, NULL, NULL, NULL, 'Radicaciones de pruebas', NULL, '998', '', 1, 5, 1, 0, 1, '', 0, NULL, NULL, NULL, NULL, 0, NULL, NULL, NULL, NULL, NULL, NULL, NULL, NULL, NULL, 0, 0, NULL, NULL, NULL, NULL, NULL, NULL, 1, 0, NULL, NULL, NULL, NULL, NULL);
INSERT INTO radicado VALUES ('20199980000031', '2019-04-01 14:50:12.77575-05', 10, NULL, NULL, 0, NULL, NULL, '2019-04-01', NULL, NULL, NULL, NULL, NULL, '170', NULL, NULL, 1, NULL, NULL, NULL, NULL, NULL, NULL, NULL, '', '20199980000042', '/2019/998/docs/120199980000042_00001.odt', 1, '998', NULL, NULL, NULL, NULL, NULL, '', NULL, '998', 'Terpel', 1, 5, 1, 0, 0, '', 0, NULL, NULL, NULL, NULL, 0, NULL, NULL, NULL, NULL, NULL, NULL, NULL, NULL, NULL, 0, 0, NULL, NULL, NULL, NULL, NULL, NULL, 1, 0, NULL, NULL, NULL, NULL, NULL);
INSERT INTO radicado VALUES ('20199980000032', '2019-04-01 12:30:08.749367-05', 26, NULL, NULL, 0, NULL, NULL, '2019-04-01', NULL, NULL, NULL, NULL, NULL, '170', NULL, NULL, 2, NULL, NULL, NULL, NULL, NULL, NULL, NULL, '', '20199980000022', '/2019/998/docs/120199980000022_00001.odt', 1, '998', NULL, NULL, NULL, NULL, NULL, '', NULL, '998', '', 1, 5, 1, 0, 0, '', 0, NULL, NULL, NULL, NULL, 0, NULL, NULL, NULL, NULL, NULL, NULL, NULL, NULL, NULL, 0, 0, NULL, NULL, NULL, NULL, NULL, NULL, 1, 0, NULL, NULL, NULL, NULL, NULL);
INSERT INTO radicado VALUES ('20199980000021', '2019-04-01 11:57:28.31614-05', 17, NULL, NULL, 0, NULL, NULL, '2019-04-01', NULL, NULL, NULL, NULL, NULL, '170', NULL, NULL, 1, NULL, NULL, NULL, NULL, NULL, NULL, NULL, '', '20199980000012', '/2019/998/docs/120199980000012_00001.docx', 1, '998', NULL, NULL, NULL, NULL, NULL, '', NULL, '998', '', 1, 5, 1, 0, 1, '', 0, NULL, NULL, NULL, NULL, 0, NULL, NULL, NULL, NULL, NULL, NULL, NULL, NULL, NULL, 0, 0, NULL, NULL, NULL, NULL, NULL, NULL, 1, 0, NULL, NULL, NULL, NULL, NULL);
INSERT INTO radicado VALUES ('20199980000062', '2019-04-01 15:01:18.067507-05', 23, 0, 3, 0, NULL, NULL, '2019-04-01', 0, NULL, NULL, NULL, NULL, '170', NULL, NULL, 0, NULL, NULL, NULL, NULL, NULL, NULL, NULL, '', '0', '../bodega/2019/998/20199980000062.html', 1, '998', NULL, NULL, NULL, NULL, NULL, 'Comprobante', NULL, '998', '', 1, 5, 1, 0, 1, '', 0, NULL, NULL, NULL, NULL, 0, NULL, NULL, NULL, NULL, NULL, NULL, NULL, NULL, NULL, 0, 0, NULL, NULL, NULL, NULL, NULL, NULL, 1, 0, NULL, NULL, NULL, NULL, NULL);
INSERT INTO radicado VALUES ('20199980000072', '2019-04-03 22:45:03.592402-05', 24, 0, 4, 0, NULL, NULL, '2019-04-03', 0, NULL, NULL, NULL, NULL, '170', NULL, NULL, 0, NULL, NULL, NULL, NULL, NULL, NULL, NULL, '', '0', '2019/998/20199980000072.pdf', 1, '998', NULL, NULL, NULL, NULL, NULL, 'ESTE ES UN RADICADO DE PRUEBAS', NULL, '998', '', 1, 5, 1, 0, 1, '', 0, NULL, NULL, NULL, NULL, 0, NULL, NULL, NULL, NULL, NULL, NULL, NULL, NULL, NULL, 0, 0, NULL, NULL, NULL, NULL, NULL, NULL, 1, 0, NULL, NULL, NULL, NULL, NULL);
INSERT INTO radicado VALUES ('20199980000041', '2019-04-02 09:43:59.429335-05', 71, 0, 4, 0, NULL, NULL, '2019-04-02', 0, NULL, NULL, NULL, NULL, '170', NULL, NULL, 1, NULL, NULL, NULL, NULL, NULL, NULL, NULL, '', '0', NULL, 1, '998', NULL, NULL, NULL, NULL, NULL, 'REQUERIMIENTO DE SOFTWARE LIBRE', NULL, '998', 'REQUERIMIE', 1, 5, 1, 0, 1, '', 0, NULL, NULL, NULL, NULL, 0, NULL, NULL, NULL, NULL, NULL, NULL, NULL, NULL, NULL, 0, 0, NULL, NULL, NULL, NULL, NULL, NULL, 1, 0, NULL, NULL, NULL, NULL, NULL);
INSERT INTO radicado VALUES ('20199980000022', '2019-04-01 12:28:20.635182-05', 18, 0, 4, 0, NULL, NULL, '2019-04-01', 0, NULL, NULL, NULL, NULL, '170', NULL, NULL, 0, NULL, NULL, NULL, NULL, NULL, NULL, NULL, '', '0', NULL, 1, '998', NULL, NULL, NULL, NULL, NULL, 'Derecho de peticion', NULL, '998', '', 1, 5, 1, 0, 1, '', 0, NULL, NULL, NULL, NULL, 0, NULL, NULL, NULL, NULL, NULL, NULL, NULL, NULL, NULL, 0, 0, NULL, NULL, NULL, NULL, NULL, NULL, 1, 0, NULL, NULL, NULL, NULL, NULL);
INSERT INTO radicado VALUES ('20199980000052', '2019-04-01 14:56:11.268445-05', 21, 0, 4, 0, NULL, NULL, '2019-04-01', 0, NULL, NULL, NULL, NULL, '170', NULL, NULL, 0, NULL, NULL, NULL, NULL, NULL, NULL, NULL, '', '0', NULL, 1, '998', NULL, NULL, NULL, NULL, NULL, 'Factura 01', NULL, '998', '', 1, 5, 1, 0, 1, '', 0, NULL, NULL, NULL, NULL, 0, NULL, NULL, NULL, NULL, NULL, NULL, NULL, NULL, NULL, 0, 0, NULL, NULL, NULL, NULL, NULL, NULL, 1, 0, NULL, NULL, NULL, NULL, NULL);
INSERT INTO radicado VALUES ('20199980000042', '2019-04-01 14:25:31.540945-05', 10, 0, 4, 0, NULL, NULL, '2019-04-01', 0, NULL, NULL, NULL, NULL, '170', NULL, NULL, 0, NULL, NULL, NULL, NULL, NULL, NULL, NULL, '', '0', NULL, 1, '998', NULL, NULL, NULL, NULL, NULL, 'Comprobante de Pago', 'ADMON', '998', 'Terpel', 1, 5, 1, 0, 1, '', 0, NULL, NULL, NULL, NULL, 0, NULL, NULL, NULL, NULL, NULL, NULL, NULL, NULL, NULL, 0, 0, NULL, NULL, NULL, NULL, NULL, NULL, 1, 0, NULL, NULL, NULL, NULL, NULL);
INSERT INTO radicado VALUES ('20199980000061', '2019-04-04 10:27:36.851717-05', 7, NULL, NULL, 0, NULL, NULL, '2019-04-04', NULL, NULL, NULL, NULL, NULL, '170', NULL, NULL, 1, NULL, NULL, NULL, NULL, NULL, NULL, NULL, '', '20199980000082', '/2019/998/docs/120199980000082_00001.docx', 1, '998', NULL, NULL, NULL, NULL, NULL, '', NULL, '998', '', 1, 5, 1, 0, 0, '', 0, NULL, NULL, NULL, NULL, 0, NULL, NULL, NULL, NULL, NULL, NULL, NULL, NULL, NULL, 0, 0, NULL, NULL, NULL, NULL, NULL, NULL, 1, 0, NULL, NULL, NULL, NULL, NULL);
INSERT INTO radicado VALUES ('20199980000082', '2019-04-04 10:20:45.526211-05', 12, 0, 4, 0, NULL, NULL, '2019-04-04', 0, NULL, NULL, NULL, NULL, '170', NULL, NULL, 0, NULL, NULL, NULL, NULL, NULL, NULL, NULL, '', '0', '2019/998/20199980000082.pdf', 1, '998', NULL, NULL, NULL, NULL, NULL, 'Radicaciones', NULL, '998', '', 1, 5, 1, 0, 1, '', 0, NULL, NULL, NULL, NULL, 0, NULL, NULL, NULL, NULL, NULL, NULL, NULL, NULL, NULL, 0, 0, NULL, NULL, NULL, NULL, NULL, NULL, 1, 0, NULL, NULL, NULL, NULL, NULL);

--
-- Data sgd_dt_radicado
--

INSERT INTO sgd_dt_radicado VALUES ('20199980000012', 10);
INSERT INTO sgd_dt_radicado VALUES ('20199980000011', 15);
INSERT INTO sgd_dt_radicado VALUES ('20199980000021', 0);
INSERT INTO sgd_dt_radicado VALUES ('20199980000022', 15);
INSERT INTO sgd_dt_radicado VALUES ('20199980000032', 0);
INSERT INTO sgd_dt_radicado VALUES ('20199980000042', 8);
INSERT INTO sgd_dt_radicado VALUES ('20199980000031', 0);
INSERT INTO sgd_dt_radicado VALUES ('20199980000052', 15);
INSERT INTO sgd_dt_radicado VALUES ('20199980000062', 15);
INSERT INTO sgd_dt_radicado VALUES ('20199980000041', 3);
INSERT INTO sgd_dt_radicado VALUES ('20199980000072', 15);
INSERT INTO sgd_dt_radicado VALUES ('20199980000051', 0);
INSERT INTO sgd_dt_radicado VALUES ('20199980000082', 15);
INSERT INTO sgd_dt_radicado VALUES ('20199980000061', 0);

--
-- Data sgd_rdf_retdocf
--

INSERT INTO sgd_rdf_retdocf VALUES (18, '20199980000012', '998', 1, '1234567890', '2019-04-01');
INSERT INTO sgd_rdf_retdocf VALUES (1, '20199980000011', '998', 1, '1234567890', '2019-04-01');
INSERT INTO sgd_rdf_retdocf VALUES (19, '20199980000022', '998', 1, '1234567890', '2019-04-01');
INSERT INTO sgd_rdf_retdocf VALUES (20, '20199980000042', '998', 1, '1234567890', '2019-04-01');
INSERT INTO sgd_rdf_retdocf VALUES (20, '20199980000042', '998', 1, '1234567890', '2019-04-01');
INSERT INTO sgd_rdf_retdocf VALUES (20, '20199980000042', '998', 1, '1234567890', '2019-04-01');
INSERT INTO sgd_rdf_retdocf VALUES (21, '20199980000052', '998', 1, '1234567890', '2019-04-01');
INSERT INTO sgd_rdf_retdocf VALUES (22, '20199980000062', '998', 1, '1234567890', '2019-04-01');
INSERT INTO sgd_rdf_retdocf VALUES (23, '20199980000041', '998', 1, '1234567890', '2019-04-02');
INSERT INTO sgd_rdf_retdocf VALUES (24, '20199980000072', '998', 1, '1234567890', '2019-04-03');
INSERT INTO sgd_rdf_retdocf VALUES (24, '20199980000072', '998', 1, '1234567890', '2019-04-03');
INSERT INTO sgd_rdf_retdocf VALUES (24, '20199980000072', '998', 1, '1234567890', '2019-04-03');
INSERT INTO sgd_rdf_retdocf VALUES (25, '20199980000082', '998', 1, '1234567890', '2019-04-04');

--
-- Data informados
--

INSERT INTO informados VALUES ('20199980000022', 1, '999', 'A: DSALIDA - Se ha generado el radicado No.20199980000022 y se esta notificando. ', '2019-04-01', 0, NULL, 1234567890, '12345678909', NULL);
INSERT INTO informados VALUES ('20199980000022', 1, '998', 'A: ADMON - Respuesta al derecho de peticion ', '2019-04-01', 0, NULL, 1234567890, '1234567890', NULL);
INSERT INTO informados VALUES ('20199980000042', 1, '999', 'A: DSALIDA - Se ha generado el radicado No.20199980000042 y se esta notificando. ', '2019-04-01', 0, NULL, 1234567890, '12345678909', NULL);
INSERT INTO informados VALUES ('20199980000072', 1, '998', 'A: ADMON - Se ha generado el radicado No.20199980000072 y se esta notificando. ', '2019-04-03', 0, NULL, 1234567890, '1234567890', NULL);

--
-- Data  sgd_dir_drecciones
--

INSERT INTO sgd_dir_drecciones VALUES (1, 1, NULL, NULL, '20199980000012', 1, 1, 11, 'Cra.64 # 96-17 ', '2262080', 'info@skinatech.com ', 0, NULL, NULL, NULL, '', NULL, 'SKINA TECHNOLOGIES S.A.S. -- SKN', 3, NULL, '830129050-5', 170, 1);
INSERT INTO sgd_dir_drecciones VALUES (2, 1, NULL, NULL, '20199980000011', 1, 1, 11, 'Cra.64 # 96-17', '', '', 0, NULL, NULL, NULL, 'NO REGISTRA', NULL, 'SKINA TECHNOLOGIES S.A.S.  ', 3, NULL, 'documento', 170, 1);
INSERT INTO sgd_dir_drecciones VALUES (4, 1, NULL, NULL, '20199980000021', 1, 1, 11, 'Cra.64 # 96-17', '2262080', 'info@skinatech.com', 0, NULL, NULL, NULL, '', NULL, 'SKINA TECHNOLOGIES S.A.S.', 3, NULL, NULL, 170, 1);
INSERT INTO sgd_dir_drecciones VALUES (5, 1, NULL, NULL, '20199980000022', 1, 1, 11, 'Cra.64 # 96-17 ', '2262080', 'info@skinatech.com ', 0, NULL, NULL, NULL, '', NULL, 'SKINA TECHNOLOGIES S.A.S. -- SKN', 3, NULL, '830129050-5', 170, 1);
INSERT INTO sgd_dir_drecciones VALUES (6, 1, NULL, NULL, '20199980000032', 1, 1, 11, 'Cra.64 # 96-17', '2262080', 'info@skinatech.com', 0, NULL, NULL, NULL, '', NULL, 'SKINA TECHNOLOGIES S.A.S.', 3, NULL, NULL, 170, 1);
INSERT INTO sgd_dir_drecciones VALUES (8, 1, NULL, NULL, '20199980000042', 1, 1, 11, 'Cra.64 # 96-17 ', '2262080', 'info@skinatech.com ', 0, NULL, NULL, NULL, '', NULL, 'SKINA TECHNOLOGIES S.A.S. -- SKN', 3, NULL, NULL, 170, 1);
INSERT INTO sgd_dir_drecciones VALUES (9, 1, NULL, NULL, '20199980000031', 1, 1, 11, 'Cra.64 # 96-17', '2262080', 'info@skinatech.com', 0, NULL, NULL, NULL, '', NULL, 'SKINA TECHNOLOGIES S.A.S.', 3, NULL, NULL, 170, 1);
INSERT INTO sgd_dir_drecciones VALUES (10, 1, NULL, NULL, '20199980000052', 1, 1, 11, 'Cra.64 # 96-17 ', '2262080', 'info@skinatech.com ', 0, NULL, NULL, NULL, '', NULL, 'SKINA TECHNOLOGIES S.A.S. -- SKN', 3, NULL, '830129050-5', 170, 1);
INSERT INTO sgd_dir_drecciones VALUES (11, 1, NULL, NULL, '20199980000062', 1, 1, 11, 'Cra.64 # 96-17 ', '2262080', 'info@skinatech.com ', 0, NULL, NULL, NULL, '', NULL, 'SKINA TECHNOLOGIES S.A.S. -- SKN', 3, NULL, '830129050-5', 170, 1);
INSERT INTO sgd_dir_drecciones VALUES (12, 1, NULL, 4209, '20199980000041', NULL, 500, 23, 'JR RAZUHUILLCA', '971222776', 'hloh@hotmail.com', 0, NULL, NULL, NULL, 'JOSE SALAVCODR', NULL, 'HECTOR LUIS OSCATA HILARIO', 1, NULL, '46006619', 170, 1);
INSERT INTO sgd_dir_drecciones VALUES (14, 1, NULL, 4211, '20199980000072', NULL, 189, 47, 'CASA DE THI', '53535', 'thiago.silva@gmail.com', 0, NULL, NULL, NULL, '', NULL, 'THIAGO SILVA JUNIOR', 1, NULL, '98765', 170, 1);
INSERT INTO sgd_dir_drecciones VALUES (15, 1, NULL, 4211, '20199980000051', NULL, 189, 47, 'CASA DE THI', '53535', 'thiago.silva@gmail.com', 0, NULL, NULL, NULL, '', NULL, 'THIAGO   SILVA JUNIOR', 1, NULL, '98765', 170, 1);
INSERT INTO sgd_dir_drecciones VALUES (16, 1, NULL, NULL, '20199980000082', 1, 1, 11, 'Cra.64 # 96-17 ', '2262080', 'info@skinatech.com ', 0, NULL, NULL, NULL, '', NULL, 'SKINA TECHNOLOGIES S.A.S. -- SKN', 3, NULL, '830129050-5', 170, 1);
INSERT INTO sgd_dir_drecciones VALUES (18, 1, NULL, NULL, '20199980000061', 1, 1, 11, 'Cra.64 # 96-17', '2262080', 'info@skinatech.com', 0, NULL, NULL, NULL, '', NULL, 'SKINA TECHNOLOGIES S.A.S.', 3, NULL, NULL, 170, 1);

--
-- Data hist_eventos
--

INSERT INTO hist_eventos VALUES ('998', '2019-04-01 11:29:11.10861-05', 1, '20199980000012', ' ', 1, '1234567890', '1', 2, NULL, '1234567890', '998');
INSERT INTO hist_eventos VALUES ('998', '2019-04-01 11:55:59.524238-05', 1, '20199980000011', 'Radicado insertado del grupo de masiva 20199980000011', 1, '1234567890', NULL, 30, NULL, '1234567890', '998');
INSERT INTO hist_eventos VALUES ('998', '2019-04-01 11:56:43.756466-05', 1, '20199980000012', ' 20199980000012', 1, '1234567890', NULL, 42, NULL, '1234567890', '998');
INSERT INTO hist_eventos VALUES ('998', '2019-04-01 11:57:28.31614-05', 1, '20199980000021', ' ', 1, '1234567890', NULL, 2, NULL, '1234567890', '998');
INSERT INTO hist_eventos VALUES ('998', '2019-04-01 12:28:20.638054-05', 1, '20199980000022', ' ', 1, '1234567890', NULL, 2, NULL, '1234567890', '998');
INSERT INTO hist_eventos VALUES ('998', '2019-04-01 12:28:20.648761-05', 1, '20199980000022', 'A: DSALIDA - Se ha generado el radicado No.20199980000022 y se esta notificando.', 1, '1234567890', NULL, 8, NULL, '12345678909', '999');
INSERT INTO hist_eventos VALUES ('998', '2019-04-01 12:30:08.749367-05', 1, '20199980000032', ' ', 1, '1234567890', NULL, 2, NULL, '1234567890', '998');
INSERT INTO hist_eventos VALUES ('998', '2019-04-01 12:31:03.875505-05', 1, '20199980000022', 'A: ADMON - Respuesta al derecho de peticion', 1, '1234567890', NULL, 8, NULL, '1234567890', '998');
INSERT INTO hist_eventos VALUES ('998', '2019-04-01 14:25:31.543684-05', 1, '20199980000042', ' ', 1, '1234567890', NULL, 2, NULL, '1234567890', '998');
INSERT INTO hist_eventos VALUES ('998', '2019-04-01 14:25:31.553569-05', 1, '20199980000042', 'A: DSALIDA - Se ha generado el radicado No.20199980000042 y se esta notificando.', 1, '1234567890', NULL, 8, NULL, '12345678909', '999');
INSERT INTO hist_eventos VALUES ('998', '2019-04-01 14:31:18.726273-05', 1, '20199980000042', 'Modificacion Documento ', 1, '1234567890', NULL, 11, NULL, '1234567890', '998');
INSERT INTO hist_eventos VALUES ('998', '2019-04-01 14:31:18.739569-05', 1, '20199980000042', 'A: DSALIDA - Se ha generado el radicado No.20199980000042 y se esta notificando.', 1, '1234567890', NULL, 8, NULL, '12345678909', '999');
INSERT INTO hist_eventos VALUES ('998', '2019-04-01 14:39:55.569077-05', 1, '20199980000042', 'Por favor pagar', 1, '1234567890', NULL, 9, NULL, '1234567890', '998');
INSERT INTO hist_eventos VALUES ('998', '2019-04-01 14:50:12.77575-05', 1, '20199980000031', ' ', 1, '1234567890', NULL, 2, NULL, '1234567890', '998');
INSERT INTO hist_eventos VALUES ('998', '2019-04-01 14:56:11.271326-05', 1, '20199980000052', ' ', 1, '1234567890', NULL, 2, NULL, '1234567890', '998');
INSERT INTO hist_eventos VALUES ('998', '2019-04-01 15:01:18.070245-05', 1, '20199980000062', ' ', 1, '1234567890', NULL, 2, NULL, '1234567890', '998');
INSERT INTO hist_eventos VALUES ('998', '2019-04-02 09:43:59.432099-05', 1, '20199980000041', ' ', 1, '1234567890', NULL, 2, NULL, '1234567890', '998');
INSERT INTO hist_eventos VALUES ('998', '2019-04-03 22:45:03.595951-05', 1, '20199980000072', ' ', 1, '1234567890', NULL, 2, NULL, '1234567890', '998');
INSERT INTO hist_eventos VALUES ('998', '2019-04-03 22:45:03.605705-05', 1, '20199980000072', 'A: ADMON - Se ha generado el radicado No.20199980000072 y se esta notificando.', 1, '1234567890', NULL, 8, NULL, '1234567890', '998');
INSERT INTO hist_eventos VALUES ('998', '2019-04-03 22:46:46.173705-05', 1, '20199980000072', 'Modificacion Documento ', 1, '1234567890', NULL, 11, NULL, '1234567890', '998');
INSERT INTO hist_eventos VALUES ('998', '2019-04-03 22:48:55.428624-05', 1, '20199980000051', ' ', 1, '1234567890', NULL, 2, NULL, '1234567890', '998');
INSERT INTO hist_eventos VALUES ('998', '2019-04-03 22:58:24.757566-05', 1, '20199980000072', 'PUEDE SER ESTA LA OPCION', 1, '1234567890', NULL, 42, NULL, '1234567890', '998');
INSERT INTO hist_eventos VALUES ('998', '2019-04-04 10:20:45.529074-05', 1, '20199980000082', ' ', 1, '1234567890', NULL, 2, NULL, '1234567890', '998');
INSERT INTO hist_eventos VALUES ('998', '2019-04-04 10:27:36.851717-05', 1, '20199980000061', ' ', 1, '1234567890', NULL, 2, NULL, '1234567890', '998');
INSERT INTO hist_eventos VALUES ('998', '2019-04-04 10:30:35.55844-05', 1, '20199980000082', ' 20199980000082', 1, '1234567890', NULL, 42, NULL, '1234567890', '998');

--
-- Data tipo_doc_identificacion
--

INSERT INTO tipo_doc_identificacion VALUES (0, 'Cedula de Ciudadania');
INSERT INTO tipo_doc_identificacion VALUES (1, 'Tarjeta de Identidad');
INSERT INTO tipo_doc_identificacion VALUES (2, 'Cedula de Extranjería');
INSERT INTO tipo_doc_identificacion VALUES (3, 'Pasaporte');
INSERT INTO tipo_doc_identificacion VALUES (4, 'Nit');
INSERT INTO tipo_doc_identificacion VALUES (5, 'NUIR');
